TalentID,Class,Branch,Slot,SPReq,TalentReq,TierNum,Tier,Name,Note,MaxLevel,S0,S1,S2,S3,S4,S5,S6,S7,S8,S9,S10,S11,S12,S13,S14,S15,S16,S17,S18,S19,S20,S21,S22,S23,S24,S25,S26,S27,S28,S29,S30,Co0,Co1,Co2,Co3,Co4,Co5,Co6,Co7,Co8,Co9,Co10,Co11,Co12,Co13,Co14,Co15,Co16,Co17,Co18,Co19,Co20,Co21,Co22,Co23,Co24,Co25,Co26,Co27,Co28,Co29,Co30,BonusTypeA,A0,A1,A2,A3,A4,A5,A6,A7,A8,A9,A10,A11,A12,A13,A14,A15,A16,A17,A18,A19,A20,A21,A22,A23,A24,A25,A26,A27,A28,A29,A30,BonusTypeB,B0,B1,B2,B3,B4,B5,B6,B7,B8,B9,B10,B11,B12,B13,B14,B15,B16,B17,B18,B19,B20,B21,B22,B23,B24,B25,B26,B27,B28,B29,B30,BonusTypeC,C0,C1,C2,C3,C4,C5,C6,C7,C8,C9,C10,C11,C12,C13,C14,C15,C16,C17,C18,C19,C20,C21,C22,C23,C24,C25,C26,C27,C28,C29,C30,BonusTypeD,BonusAmountD
TapDmg,Knight,BranchRed,0,0,None,1,I,Knight's Valor,Increased tap damage,25,0,0,0,0,0,0,0,0,0,0,0,0,0,0,0,0,0,0,0,0,0,0,0,0,0,0,-,-,-,-,-,1,2,2,3,3,3,4,5,5,6,7,8,9,11,12,14,16,19,22,25,28,33,38,43,50,-,-,-,-,-,-,TapDamage,0,1.20E+00,1.71E+00,2.43E+00,3.82E+00,6.02E+00,9.47E+00,1.64E+01,3.14E+01,6.01E+01,1.26E+02,2.90E+02,7.28E+02,2.00E+03,6.49E+03,2.29E+04,9.48E+04,4.59E+05,2.79E+06,2.11E+07,1.97E+08,2.27E+09,3.65E+10,8.15E+11,2.50E+13,1.19E+15,-,-,-,-,-,None,0,0,0,0,0,0,0,0,0,0,0,0,0,0,0,0,0,0,0,0,0,0,0,0,0,0,-,-,-,-,-,None,0,0,0,0,0,0,0,0,0,0,0,0,0,0,0,0,0,0,0,0,0,0,0,0,0,0,0,0,0,0,0,None,0
TapDmgFromHelpers,Knight,BranchRed,1,3,TapDmg,2,II,Chivalric Order,Increased tap damage from heroes,20,250,250,250,250,250,250,250,250,250,250,250,250,250,250,250,250,250,250,250,250,250,250,250,250,250,250,-,-,-,-,-,1,2,2,3,4,4,5,6,8,10,12,14,17,21,25,31,37,45,55,67,-,-,-,-,-,-,-,-,-,-,-,TapDamageFromHelpersMult,0,1.2800,1.5500,1.9000,2.6000,3.3000,4.7704,6.5700,11.2300,21.3370,42.6740,93.8828,215.9304,647.7913,2.27E+03,1.07E+04,6.39E+04,5.11E+05,5.58E+06,1.47E+08,2.42E+10,-,-,-,-,-,-,-,-,-,-,None,0,0,0,0,0,0,0,0,0,0,0,0,0,0,0,0,0,0,0,0,0,0,0,0,0,0,-,-,-,-,-,None,0,0,0,0,0,0,0,0,0,0,0,0,0,0,0,0,0,0,0,0,0,0,0,0,0,0,0,0,0,0,0,None,0
BurstSkillBoost,Knight,BranchRed,2,3,TapDmg,2,II,Angelic Radiance,Increased damage + splash through bosses,30,350,350,350,350,350,350,350,350,350,350,350,350,350,350,350,350,350,350,350,350,350,350,350,350,350,350,350,350,350,350,350,1,2,2,3,3,3,4,5,5,6,7,8,9,11,12,14,16,19,22,25,28,33,38,43,50,57,66,76,87,100,115,BurstDamageSkillAmount,0,2.00E+00,3.00E+00,4.50E+00,7.50E+00,1.25E+01,2.08E+01,3.86E+01,7.89E+01,1.61E+02,3.64E+02,9.06E+02,2.48E+03,7.42E+03,2.66E+04,1.04E+05,4.86E+05,2.67E+06,1.88E+07,1.67E+08,1.87E+09,2.63E+10,5.32E+11,1.54E+13,6.35E+14,4.25E+16,4.58E+18,9.05E+20,3.50E+23,2.82E+26,5.43E+29,BurstSkillSplashCount,0,0,2,4,6,8,10,12,14,16,18,20,22,24,27,30,33,36,39,42,45,48,51,54,57,60,63,66,69,72,75,None,0,0,0,0,0,0,0,0,0,0,0,0,0,0,0,0,0,0,0,0,0,0,0,0,0,0,0,0,0,0,0,None,0
MidasSkillBoost,Knight,BranchRed,3,3,TapDmg,2,II,Midas Ultimate,HoM multiplier + fairy gold mult,25,150,150,150,150,150,150,150,150,150,150,150,150,150,150,150,150,150,150,150,150,150,150,150,150,150,150,-,-,-,-,-,1,2,2,3,3,3,4,5,5,6,7,8,9,11,12,14,16,19,22,25,28,33,38,43,50,-,-,-,-,-,-,HandOfMidasSkillAmount,0,1.80E+00,2.92E+00,4.79E+00,8.78E+00,1.61E+01,2.95E+01,6.02E+01,1.36E+02,3.09E+02,7.76E+02,2.15E+03,6.59E+03,2.22E+04,9.02E+04,4.02E+05,2.14E+06,1.35E+07,1.10E+08,1.14E+09,1.50E+10,2.49E+11,6.02E+12,2.10E+14,1.05E+16,8.64E+17,-,-,-,-,-,HandOfMidasSkillDuration,0,1,2,4,7,9,12,16,21,26,33,41,51,63,77,95,115,142,173,211,255,310,376,454,550,664,-,-,-,-,-,None,0,0,0,0,0,0,0,0,0,0,0,0,0,0,0,0,0,0,0,0,0,0,0,0,0,0,0,0,0,0,0,None,0
HeavyStrikes,Knight,BranchRed,4,20,TapDmgFromHelpers,3,III,Cleaving Strike,Increased max critical damage,25,500,500,500,500,500,500,500,500,500,500,500,500,500,500,500,500,500,500,500,500,500,500,500,500,500,500,-,-,-,-,-,2,2,3,3,3,4,5,5,6,7,8,9,11,12,14,16,19,22,25,28,33,38,43,50,57,-,-,-,-,-,-,CritMaxDamage,0,1.60E+00,2.38E+00,3.93E+00,6.48E+00,1.07E+01,1.95E+01,3.94E+01,7.94E+01,1.76E+02,4.31E+02,1.15E+03,3.39E+03,1.19E+04,4.58E+04,2.09E+05,1.13E+06,7.75E+06,6.77E+07,7.45E+08,1.03E+10,2.05E+11,5.87E+12,2.39E+14,1.57E+16,1.67E+18,-,-,-,-,-,CritChance,0,-0.01,-0.02,-0.03,-0.04,-0.05,-0.06,-0.07,-0.08,-0.09,-0.1,-0.11,-0.12,-0.13,-0.14,-0.15,-0.16,-0.17,-0.18,-0.19,-0.2,-0.21,-0.22,-0.23,-0.24,-0.25,-,-,-,-,-,None,0,0,0,0,0,0,0,0,0,0,0,0,0,0,0,0,0,0,0,0,0,0,0,0,0,0,0,0,0,0,0,None,0
BurstDamageMultiCastSkillBoost,Knight,BranchRed,5,20,BurstSkillBoost,3,III,Rejuvenation,Heavenly Strike mana decrease and Splash Skip,7,700,700,700,700,700,700,700,700,700,700,700,700,700,700,700,700,700,700,700,700,700,700,700,700,700,700,-,-,-,-,-,4,7,13,23,42,76,136,-,-,-,-,-,-,-,-,-,-,-,-,-,-,-,-,-,-,-,-,-,-,-,-,BurstDamageSkillManaMult,1,0.95,0.9,0.85,0.8,0.75,0.7,0.65,-,-,-,-,-,-,-,-,-,-,-,-,-,-,-,-,-,-,-,-,-,-,-,BurstSkillSplashSkipCount,0,7,14,21,28,35,42,49,-,-,-,-,-,-,-,-,-,-,-,-,-,-,-,-,-,-,-,-,-,-,-,None,0,0,0,0,0,0,0,0,0,0,0,0,0,0,0,0,0,0,0,0,0,0,0,0,0,0,0,0,0,0,0,None,0
Fairy,Knight,BranchRed,6,20,MidasSkillBoost,3,III,Will of Midas,Increased fairy gold,10,350,350,350,350,350,350,350,350,350,350,350,-,-,-,-,-,-,-,-,-,-,-,-,-,-,-,-,-,-,-,-,2,3,5,8,12,16,21,29,41,57,-,-,-,-,-,-,-,-,-,-,-,-,-,-,-,-,-,-,-,-,-,FairyGold,0,2.40E+00,4.50E+00,1.06E+01,3.42E+01,1.64E+02,1.13E+03,1.20E+04,2.38E+05,1.14E+07,1.62E+09,-,-,-,-,-,-,-,-,-,-,-,-,-,-,-,-,-,-,-,-,None,0,0,0,0,0,0,0,0,0,0,0,0,0,0,0,0,0,0,0,0,0,0,0,0,0,0,-,-,-,-,-,None,0,0,0,0,0,0,0,0,0,0,0,0,0,0,0,0,0,0,0,0,0,0,0,0,0,0,0,0,0,0,0,None,0
Frenzy,Knight,BranchRed,7,50,HeavyStrikes,4,IV,Barbaric Fury,Bonus tap attacks per second / increased tap damage,15,1000,1000,1000,1000,1000,1000,1000,1000,1000,1000,1000,1000,1000,1000,1000,1000,1000,1000,1000,-,-,-,-,-,-,-,-,-,-,-,-,3,4,5,7,9,12,16,21,27,35,46,60,78,101,131,170,221,287,-,-,-,-,-,-,-,-,-,-,-,-,-,ActiveTapDamage,0,2.50E+00,6.19E+00,1.77E+01,6.66E+01,3.25E+02,2.28E+03,2.51E+04,4.63E+05,1.53E+07,1.04E+09,1.80E+11,9.62E+13,2.09E+17,2.63E+21,3.21E+26,7.67E+32,9.53E+40,2.25E+51,-,-,-,-,-,-,-,-,-,-,-,-,FrenzyCount,0,1,2,3,4,5,6,8,10,12,15,18,21,24,27,30,30,30,30,-,-,-,-,-,-,-,-,-,-,-,-,None,0,0,0,0,0,0,0,0,0,0,0,0,0,0,0,0,0,0,0,0,0,0,0,0,0,0,0,0,0,0,0,None,0
BurstDamageMultiCastSkill,Knight,BranchRed,8,50,BurstDamageMultiCastSkillBoost,4,IV,Divine Wrath,Stackable Heavenly Strike,15,1200,1200,1200,1200,1200,1200,1200,1200,1200,1200,1200,1200,1200,1200,1200,1200,1200,1200,1200,-,-,-,-,-,-,-,-,-,-,-,-,3,4,5,7,9,12,16,21,27,35,46,60,78,101,131,170,221,287,-,-,-,-,-,-,-,-,-,-,-,-,-,BurstDamageSkillStacksBonus,0,1.27E+00,1.62E+00,2.14E+00,3.04E+00,4.63E+00,7.76E+00,1.46E+01,3.17E+01,8.01E+01,2.45E+02,9.60E+02,5.08E+03,3.89E+04,4.75E+05,1.06E+07,5.18E+08,7.24E+10,4.06E+13,-,-,-,-,-,-,-,-,-,-,-,-,BurstDamageSkillStacks,0,1,1,1,1,1,2,2,2,2,2,3,3,3,3,3,3,3,3,-,-,-,-,-,-,-,-,-,-,-,-,None,0,0,0,0,0,0,0,0,0,0,0,0,0,0,0,0,0,0,0,0,0,0,0,0,0,0,0,0,0,0,0,None,0
FairyGoldBoost,Knight,BranchRed,9,50,Fairy,4,IV,Fairy Charm,Multi-fairy spawn bonus + lower fairy spawn cooldown,10,700,700,700,700,700,700,700,700,700,700,700,700,700,700,-,-,-,-,-,-,-,-,-,-,-,-,-,-,-,-,-,2,2,3,3,3,4,5,5,6,7,7,7,7,-,-,-,-,-,-,-,-,-,-,-,-,-,-,-,-,-,-,FairySpawnChance,0,0.04,0.16,0.35,0.54,0.75,1.03,1.38,1.76,2.21,2.75,3.32,3.32,3.32,-,-,-,-,-,-,-,-,-,-,-,-,-,-,-,-,-,FairyCooldown,0,4,8.6,13.5,18.8,24.5,30.6,37.2,44.2,51.8,60.0,60.0,60.0,60.0,-,-,-,-,-,-,-,-,-,-,-,-,-,-,-,-,-,None,0,0,0,0,0,0,0,0,0,0,0,0,0,0,0,0,0,0,0,0,0,0,0,0,0,0,0,0,0,0,0,None,0
PetDmg,Pet,BranchOrange,0,0,None,1,I,Pet Evolution,Increased pet damage,25,250,250,250,250,250,250,250,250,250,250,250,250,250,250,250,250,250,250,250,250,250,250,250,250,250,250,-,-,-,-,-,1,2,2,3,3,3,4,5,5,6,7,8,9,11,12,14,16,19,22,25,28,33,38,43,50,-,-,-,-,-,-,PetDamage,0,1.50E+00,2.21E+00,3.24E+00,5.26E+00,8.52E+00,1.38E+01,2.46E+01,4.83E+01,9.46E+01,2.03E+02,4.78E+02,1.23E+03,3.44E+03,1.14E+04,4.13E+04,1.76E+05,8.77E+05,5.53E+06,4.38E+07,4.33E+08,5.32E+09,9.33E+10,2.31E+12,8.07E+13,4.50E+15,-,-,-,-,-,PetTapCountToAttack,0,0,1,1,2,2,3,3,4,4,5,5,6,6,7,7,8,8,9,9,10,11,12,13,14,15,-,-,-,-,-,None,0,0,0,0,0,0,0,0,0,0,0,0,0,0,0,0,0,0,0,0,0,0,0,0,0,0,0,0,0,0,0,None,0
FireTapSkillBoost,Pet,BranchOrange,1,3,PetDmg,2,II,Summon Inferno,Increased Fire Sword damage,25,500,500,500,500,500,500,500,500,500,500,500,500,500,500,500,500,500,500,500,500,500,500,500,500,500,500,-,-,-,-,-,2,2,3,3,3,4,5,5,6,7,8,9,11,12,14,16,19,22,25,28,33,38,43,50,57,-,-,-,-,-,-,TapBoostSkillAmount,0,1.60E+00,2.37E+00,3.89E+00,6.38E+00,1.05E+01,1.90E+01,3.79E+01,7.56E+01,1.66E+02,4.01E+02,1.06E+03,3.06E+03,1.06E+04,3.98E+04,1.77E+05,9.31E+05,6.23E+06,5.26E+07,5.59E+08,7.42E+09,1.42E+11,3.87E+12,1.49E+14,9.32E+15,9.32E+17,-,-,-,-,-,TapBoostSkillDuration,0,1,2,4,7,9,12,16,21,26,33,41,51,63,77,95,115,142,173,211,255,310,376,454,550,664,-,-,-,-,-,None,0,0,0,0,0,0,0,0,0,0,0,0,0,0,0,0,0,0,0,0,0,0,0,0,0,0,0,0,0,0,0,None,0
PetGoldQTE,Pet,BranchOrange,2,3,PetDmg,2,II,Heart of Midas,Give multiple of monster gold drop QTE,25,250,250,250,250,250,250,250,250,250,250,250,250,250,250,250,250,250,250,250,250,250,250,250,250,250,250,-,-,-,-,-,1,2,2,3,3,3,4,5,5,6,7,8,9,11,12,14,16,19,22,25,28,33,38,43,50,57,-,-,-,-,-,GoldBoss,0,1.80E+00,2.98E+00,4.93E+00,9.16E+00,1.70E+01,3.16E+01,6.57E+01,1.52E+02,3.53E+02,9.10E+02,2.60E+03,8.24E+03,2.88E+04,1.22E+05,5.71E+05,3.20E+06,2.15E+07,1.86E+08,2.08E+09,2.98E+10,5.39E+11,1.44E+13,5.58E+14,3.14E+16,2.92E+18,-,-,-,-,-,PetGoldQTECooldown,0,0,1,2,3,4,5,6,7,8,9,10,11,12,13,14,15,16,17,18,20,22,24,26,28,30,-,-,-,-,-,None,0,0,0,0,0,0,0,0,0,0,0,0,0,0,0,0,0,0,0,0,0,0,0,0,0,0,0,0,0,0,0,None,0
PetEquipmentBoost,Pet,BranchOrange,3,3,PetDmg,2,II,Companion Warfare,Increased Equipment Pets Effect,10,350,350,350,350,350,350,350,350,350,350,350,-,-,-,-,-,-,-,-,-,-,-,-,-,-,-,-,-,-,-,-,5,8,11,17,25,38,57,85,128,192,-,-,-,-,-,-,-,-,-,-,-,-,-,-,-,-,-,-,-,-,-,EquipmentPetEffect,0,1.30E+00,1.66E+00,2.29E+00,3.69E+00,7.25E+00,1.93E+01,7.82E+01,5.57E+02,8.93E+03,4.42E+05,6.63E+06,9.95E+07,1.49E+09,-,-,-,-,-,-,-,-,-,-,-,-,-,-,-,-,-,DualSplashCount,0,2,4,6,8,10,12,14,16,18,20,-,-,-,-,-,-,-,-,-,-,-,-,-,-,-,-,-,-,-,-,None,0,0,0,0,0,0,0,0,0,0,0,0,0,0,0,0,0,0,0,0,0,0,0,0,0,0,0,0,0,0,0,None,0
TapBoostMultiCastSkillBoost,Pet,BranchOrange,4,20,FireTapSkillBoost,3,III,Ember Arts,Stackable Fire Sword,25,1000,1000,1000,1000,1000,1000,1000,1000,1000,1000,1000,1000,1000,1000,1000,1000,1000,1000,1000,1000,1000,1000,1000,1000,1000,1000,-,-,-,-,-,1,2,2,3,3,3,4,5,5,6,7,8,9,11,12,14,16,19,22,25,28,33,38,43,50,57,-,-,-,-,-,PetBonusBoost,0.0,1.24E+00,1.50E+00,1.91E+00,2.43E+00,3.10E+00,4.18E+00,5.93E+00,8.41E+00,1.26E+01,1.98E+01,3.27E+01,5.67E+01,1.08E+02,2.17E+02,4.78E+02,1.15E+03,3.16E+03,9.87E+03,3.50E+04,1.40E+05,6.90E+05,4.13E+06,3.00E+07,2.85E+08,3.54E+09,-,-,-,-,-,PetSplashSkipCount,0,2,4,6,8,10,12,14,16,18,20,22,24,26,28,30,32,34,36,38,40,42,44,46,48,50,-,-,-,-,-,None,0,0,0,0,0,0,0,0,0,0,0,0,0,0,0,0,0,0,0,0,0,0,0,0,0,0,0,0,0,0,0,None,0
PetQTE,Pet,BranchOrange,5,20,PetGoldQTE,3,III,Lightning Burst,Increased pet QTE damage / Pet splash count,30,500,500,500,500,500,500,500,500,500,500,500,500,500,500,500,500,500,500,500,500,500,500,500,500,500,500,500,500,500,500,500,2,2,3,3,3,4,5,5,6,7,8,9,11,12,14,16,19,22,25,28,33,38,43,50,57,66,76,87,100,115,132,PetAttackQTEDamage,0,1.50E+00,2.14E+00,3.39E+00,5.36E+00,8.48E+00,1.48E+01,2.87E+01,5.56E+01,1.19E+02,2.79E+02,7.19E+02,2.04E+03,6.92E+03,2.57E+04,1.13E+05,5.95E+05,4.01E+06,3.44E+07,3.75E+08,5.15E+09,1.04E+11,3.04E+12,1.28E+14,8.99E+15,1.04E+18,2.27E+20,1.00E+23,9.59E+25,2.29E+29,1.57E+33,PetAttackSplashCount,0,2,4,6,8,10,12,14,16,18,20,22,24,26,28,30,33,36,39,42,45,48,51,54,57,60,63,66,69,72,75,None,0,0,0,0,0,0,0,0,0,0,0,0,0,0,0,0,0,0,0,0,0,0,0,0,0,0,0,0,0,0,0,PetQTESplashSkipMult,2
DualPetMultiCastBoost,Pet,BranchOrange,6,20,PetEquipmentBoost,3,III,Summoning Circle,Increased Dual Pet Damage,25,5000,5000,5000,5000,5000,5000,5000,5000,5000,5000,5000,5000,5000,5000,5000,5000,5000,5000,5000,5000,5000,5000,5000,5000,5000,5000,-,-,-,-,-,2,2,3,3,3,4,5,5,6,7,8,9,11,12,14,16,19,22,25,28,33,38,43,50,57,-,-,-,-,-,-,DualPetAmount,0,1.40E+00,2.64E+00,5.46E+00,1.13E+01,2.34E+01,5.31E+01,1.32E+02,3.27E+02,8.88E+02,2.63E+03,8.47E+03,2.97E+04,1.23E+05,5.50E+05,2.89E+06,1.77E+07,1.36E+08,1.30E+09,1.55E+10,2.28E+11,4.73E+12,1.38E+14,5.60E+15,3.60E+17,3.65E+19,-,-,-,-,-,DualPetDuration,0,2,5,9,13,18,24,33,41,53,66,83,102,127,155,190,231,283,347,422,510,620,752,908,1100,1328,-,-,-,-,-,None,0,0,0,0,0,0,0,0,0,0,0,0,0,0,0,0,0,0,0,0,0,0,0,0,0,0,0,0,0,0,0,None,0
TapBoostMultiCastSkill,Pet,BranchOrange,7,50,TapBoostMultiCastSkillBoost,4,IV,Volcanic Eruption,Increased Fire Sword Stack Damage,15,1500,1500,1500,1500,1500,1500,1500,1500,1500,1500,1500,1500,1500,1500,1500,1500,1500,1500,1500,-,-,-,-,-,-,-,-,-,-,-,-,3,4,5,7,9,12,16,21,27,35,46,60,78,101,131,170,221,287,-,-,-,-,-,-,-,-,-,-,-,-,-,TapBoostSkillStacksBonus,0,1.27E+00,1.62E+00,2.14E+00,3.04E+00,4.63E+00,7.76E+00,1.46E+01,3.17E+01,8.01E+01,2.45E+02,9.60E+02,5.08E+03,3.89E+04,4.75E+05,1.06E+07,5.18E+08,7.24E+10,4.06E+13,-,-,-,-,-,-,-,-,-,-,-,-,TapBoostSkillStacks,0.0,1.0,1.0,1.0,1.0,1.0,2.0,2.0,2.0,2.0,2.0,3.0,3.0,3.0,3.0,3.0,3.0,3.0,3.0,0,0,0,0,0,0,0,-,-,-,-,-,None,0,0,0,0,0,0,0,0,0,0,0,0,0,0,0,0,0,0,0,0,0,0,0,0,0,0,0,0,0,0,0,None,0
BossDmgQTE,Pet,BranchOrange,8,50,PetQTE,4,IV,Flash Zip,Pet Boss damage QTE,15,750,750,750,750,750,750,750,750,750,750,750,750,750,750,750,750,750,750,750,-,-,-,-,-,-,-,-,-,-,-,-,3,4,5,7,9,12,16,21,27,35,46,60,78,101,131,170,221,287,-,-,-,-,-,-,-,-,-,-,-,-,-,PetBossQTEDamage,0,2.00E+00,5.07E+00,1.49E+01,5.84E+01,2.98E+02,2.22E+03,2.63E+04,5.29E+05,1.94E+07,1.48E+09,2.95E+11,1.86E+14,4.85E+17,7.48E+21,1.15E+27,3.52E+33,5.76E+41,1.84E+52,-,-,-,-,-,-,-,-,-,-,-,-,PetQTECooldownMult,0,0.965,0.930,0.895,0.860,0.825,0.790,0.755,0.720,0.685,0.650,0.615,0.580,0.545,0.510,0.475,0.475,0.475,0.475,-,-,-,-,-,-,-,-,-,-,-,-,None,0,0,0,0,0,0,0,0,0,0,0,0,0,0,0,0,0,0,0,0,0,0,0,0,0,0,0,0,0,0,0,PetBossQTEDuration,30
DualPetBoost,Pet,BranchOrange,9,50,DualPetMultiCastBoost,4,IV,Burning Passion,Stackable Dual Pet,15,5000,5000,5000,5000,5000,5000,5000,5000,5000,5000,5000,5000,5000,5000,5000,5000,5000,5000,5000,-,-,-,-,-,-,-,-,-,-,-,-,3,4,5,7,9,12,16,21,27,35,46,60,78,101,131,170,221,287,-,-,-,-,-,-,-,-,-,-,-,-,-,DualPetSkillStacksBonus,0.0,1.27E+00,1.62E+00,2.14E+00,3.04E+00,4.63E+00,7.76E+00,1.46E+01,3.17E+01,8.01E+01,2.45E+02,9.60E+02,5.08E+03,3.89E+04,4.75E+05,1.06E+07,5.18E+08,7.24E+10,4.06E+13,-,-,-,-,-,-,-,-,-,-,-,-,DualPetSkillStacks,0.0,1.0,1.0,1.0,1.0,1.0,2.0,2.0,2.0,2.0,2.0,3.0,3.0,3.0,3.0,3.0,3.0,3.0,3.0,-,-,-,-,-,-,-,-,-,-,-,-,None,0,0,0,0,0,0,0,0,0,0,0,0,0,0,0,0,0,0,0,0,0,0,0,0,0,0,0,0,0,0,0,None,0
AllHelperDmg,Warlord,BranchYellow,0,0,None,1,I,Master Commander,Increased damge to all hero types,25,100,100,100,100,100,100,100,100,100,100,100,100,100,100,100,100,100,100,100,100,100,100,100,100,100,100,-,-,-,-,-,1,2,2,3,3,3,4,5,5,6,7,8,9,11,12,14,16,19,22,25,28,33,38,43,50,-,-,-,-,-,-,AllHelperDamage,0,1.20E+00,1.71E+00,2.43E+00,3.82E+00,6.02E+00,9.47E+00,1.64E+01,3.14E+01,6.01E+01,1.26E+02,2.90E+02,7.28E+02,2.00E+03,6.49E+03,2.29E+04,9.48E+04,4.59E+05,2.79E+06,2.11E+07,1.97E+08,2.27E+09,3.65E+10,8.15E+11,2.50E+13,1.19E+15,-,-,-,-,-,None,0,0,0,0,0,0,0,0,0,0,0,0,0,0,0,0,0,0,0,0,0,0,0,0,0,0,-,-,-,-,-,None,0,0,0,0,0,0,0,0,0,0,0,0,0,0,0,0,0,0,0,0,0,0,0,0,0,0,0,0,0,0,0,None,0
ChestGold,Warlord,BranchYellow,1,3,AllHelperDmg,2,II,Spoils of War,Boost to chesterson gold / chesterton chance,25,300,300,300,300,300,300,300,300,300,300,300,300,300,300,300,300,300,300,300,300,300,300,300,300,300,300,-,-,-,-,-,1,2,2,3,3,3,4,5,5,6,7,8,9,11,12,14,16,19,22,25,28,33,38,43,50,-,-,-,-,-,-,ChestAmount,0,1.80E+00,2.98E+00,4.93E+00,9.16E+00,1.70E+01,3.16E+01,6.57E+01,1.52E+02,3.53E+02,9.10E+02,2.60E+03,8.24E+03,2.88E+04,1.22E+05,5.71E+05,3.20E+06,2.15E+07,1.86E+08,2.08E+09,2.98E+10,5.39E+11,1.44E+13,5.58E+14,3.14E+16,2.92E+18,-,-,-,-,-,ChestersonGoldStageAmount,0,5,10,15,20,25,30,35,40,45,50,55,60,65,70,75,80,85,90,95,100,105,110,115,120,125,-,-,-,-,-,None,0,0,0,0,0,0,0,0,0,0,0,0,0,0,0,0,0,0,0,0,0,0,0,0,0,0,0,0,0,0,0,None,0
HelperDmgSkillBoost,Warlord,BranchYellow,2,3,AllHelperDmg,2,II,Heroic Might,War Cry damage / Inspired Hero count,25,300,300,300,300,300,300,300,300,300,300,300,300,300,300,300,300,300,300,300,300,300,300,300,300,300,300,-,-,-,-,-,1,2,2,3,3,3,4,5,5,6,7,8,9,11,12,14,16,19,22,25,28,33,38,43,50,-,-,-,-,-,-,InspiredHelperDamage,0,1.50E+00,2.13E+00,3.04E+00,4.79E+00,7.55E+00,1.19E+01,2.07E+01,3.97E+01,7.61E+01,1.60E+02,3.71E+02,9.39E+02,2.60E+03,8.55E+03,3.07E+04,1.30E+05,6.45E+05,4.06E+06,3.21E+07,3.18E+08,3.92E+09,6.90E+10,1.72E+12,6.07E+13,3.43E+15,-,-,-,-,-,InspiredHelperCount,0,1,2,3,4,5,6,7,8,9,10,11,12,13,14,15,16,17,18,19,20,22,24,26,28,30,-,-,-,-,-,None,0,0,0,0,0,0,0,0,0,0,0,0,0,0,0,0,0,0,0,0,0,0,0,0,0,0,0,0,0,0,0,None,0
ClanShipDmg,Warlord,BranchYellow,3,3,AllHelperDmg,2,II,Aerial Assault,Increased clan ship damage / max splash count,30,300,300,300,300,300,300,300,300,300,300,300,300,300,300,300,300,300,300,300,300,300,300,300,300,300,300,300,300,300,300,300,1,2,2,3,3,3,4,5,5,6,7,8,9,11,12,14,16,19,22,25,28,33,38,43,50,57,66,76,87,100,115,ClanShipDamage,0,1.50E+00,2.11E+00,2.98E+00,4.63E+00,7.19E+00,1.12E+01,1.91E+01,3.58E+01,6.73E+01,1.38E+02,3.11E+02,7.63E+02,2.04E+03,6.48E+03,2.23E+04,9.02E+04,4.27E+05,2.55E+06,1.91E+07,1.77E+08,2.05E+09,3.36E+10,7.76E+11,2.52E+13,1.30E+15,1.06E+17,1.57E+19,4.41E+21,2.53E+24,3.37E+27,ClanShipSplashCount,0,1,2,3,4,5,6,7,8,9,10,11,12,13,14,15,16,18,20,22,24,26,28,30,32,35,38,41,44,47,50,None,0,0,0,0,0,0,0,0,0,0,0,0,0,0,0,0,0,0,0,0,0,0,0,0,0,0,0,0,0,0,0,None,0
HelperBoost,Warlord,BranchYellow,4,20,ChestGold,3,III,Tactical Insight,Unlockable skill boost for heroes,25,600,600,600,600,600,600,600,600,600,600,600,600,600,600,600,600,600,600,600,600,600,600,600,600,600,600,-,-,-,-,-,2,2,3,3,3,4,5,5,6,7,8,9,11,12,14,16,19,22,25,28,33,38,43,50,57,-,-,-,-,-,-,HelperMultiplicativeSkillBoost,0,0.0025,0.0047,0.0076,0.0105,0.0134,0.0170,0.0212,0.0254,0.0302,0.0358,0.0420,0.0488,0.0568,0.0655,0.0754,0.0866,0.0995,0.1143,0.1309,0.1494,0.1709,0.1955,0.2235,0.2560,0.2933,-,-,-,-,-,HelperAdditiveSkillBoost,0,0.020,0.035,0.050,0.065,0.080,0.095,0.110,0.125,0.140,0.155,0.170,0.185,0.200,0.215,0.230,0.245,0.260,0.275,0.290,0.305,0.320,0.335,0.350,0.365,0.380,-,-,-,-,-,None,0,0,0,0,0,0,0,0,0,0,0,0,0,0,0,0,0,0,0,0,0,0,0,0,0,0,0,0,0,0,0,None,0
HelperInspiredWeaken,Warlord,BranchYellow,5,20,HelperDmgSkillBoost,3,III,Searing Light,Inspired heroes weaken Titans during War Cry,25,600,600,600,600,600,600,600,600,600,600,600,600,600,600,600,600,600,600,600,600,600,600,600,600,600,600,600,-,-,-,-,2,2,3,3,3,4,5,5,6,7,8,9,11,12,14,16,19,22,25,28,33,38,43,50,57,-,-,-,-,-,-,InspiredHelperWeaken,0,0.0075,9.51E-03,1.35E-02,1.92E-02,2.72E-02,4.32E-02,7.63E-02,1.35E-01,2.65E-01,5.76E-01,1.39E+00,3.68E+00,1.19E+01,4.20E+01,1.79E+02,9.11E+02,6.03E+03,5.15E+04,5.63E+05,7.85E+06,1.63E+08,4.96E+09,2.21E+11,1.67E+13,2.11E+15,-,-,-,-,-,HelperBoostSkillDuration,0,1,2,4,7,9,12,16,21,26,33,41,51,63,77,95,115,142,173,211,255,310,376,454,550,664,-,-,-,-,-,None,0,0,0,0,0,0,0,0,0,0,0,0,0,0,0,0,0,0,0,0,0,0,0,0,0,0,0,0,0,0,0,None,0
ClanQTE,Warlord,BranchYellow,6,20,ClanShipDmg,3,III,Coordinated Offensive,Summon clan member Clan Ship QTE,25,600,600,600,600,600,600,600,600,600,600,600,600,600,600,600,600,600,600,600,600,600,600,600,600,600,600,-,-,-,-,-,2,2,3,3,3,4,5,5,6,7,8,9,11,12,14,16,19,22,25,28,33,38,43,50,57,-,-,-,-,-,-,ActiveAllHelperDamage,0,1.80E+00,2.59E+00,4.14E+00,6.62E+00,1.06E+01,1.88E+01,3.69E+01,7.25E+01,1.57E+02,3.76E+02,9.90E+02,2.86E+03,9.93E+03,3.77E+04,1.70E+05,9.14E+05,6.29E+06,5.53E+07,6.16E+08,8.66E+09,1.78E+11,5.33E+12,2.30E+14,1.65E+16,1.96E+18,-,-,-,-,-,ClanQTECooldown,0,0,1,2,3,4,5,6,7,8,9,10,11,12,13,14,15,16,17,18,20,22,24,26,28,30,-,-,-,-,-,None,0,0,0,0,0,0,0,0,0,0,0,0,0,0,0,0,0,0,0,0,0,0,0,0,0,0,0,0,0,0,0,ClanShipSplashSkipMult,2
HelperDmgQTE,Warlord,BranchYellow,7,50,HelperBoost,4,IV,Astral Awakening,Increased Hero QTE damage per bounce,15,1200,1200,1200,1200,1200,1200,1200,1200,1200,1200,1200,1200,1200,1200,1200,1200,1200,1200,1200,-,-,-,-,-,-,-,-,-,-,-,-,3,4,5,7,9,12,16,21,27,35,46,60,78,101,131,170,221,287,-,-,-,-,-,-,-,-,-,-,-,-,-,HelperQTEDamage,0,1.21E+00,1.45E+00,1.80E+00,2.36E+00,3.25E+00,4.84E+00,7.90E+00,1.43E+01,2.92E+01,6.91E+01,1.98E+02,7.12E+02,3.42E+03,2.34E+04,2.56E+05,5.11E+06,2.29E+08,2.99E+10,-,-,-,-,-,-,-,-,-,-,-,-,None,0,0,0,0,0,0,0,0,0,0,0,0,0,0,0,0,0,0,0,-,-,-,-,-,-,-,-,-,-,-,-,None,0,0,0,0,0,0,0,0,0,0,0,0,0,0,0,0,0,0,0,0,0,0,0,0,0,0,0,0,0,0,0,HelperQTECount,5
HelperBoostMultiCastSkill,Warlord,BranchYellow,8,50,HelperInspiredWeaken,4,IV,Command Supremacy,Stackable Way Cry,15,1200,1200,1200,1200,1200,1200,1200,1200,1200,1200,1200,1200,1200,1200,1200,1200,1200,1200,1200,-,-,-,-,-,-,-,-,-,-,-,-,3,4,5,7,9,12,16,21,27,35,46,60,78,101,131,170,221,287,-,-,-,-,-,-,-,-,-,-,-,-,-,HelperBoostSkillStacksBonus,0,1.27E+00,1.62E+00,2.14E+00,3.04E+00,4.63E+00,7.76E+00,1.46E+01,3.17E+01,8.01E+01,2.45E+02,9.60E+02,5.08E+03,3.89E+04,4.75E+05,1.06E+07,5.18E+08,7.24E+10,4.06E+13,-,-,-,-,-,-,-,-,-,-,-,-,HelperBoostSkillStacks,0,1,1,1,1,1,2,2,2,2,2,3,3,3,3,3,3,3,3,-,-,-,-,-,-,-,-,-,-,-,-,None,0,0,0,0,0,0,0,0,0,0,0,0,0,0,0,0,0,0,0,0,0,0,0,0,0,0,0,0,0,0,0,None,0
ClanShipStun,Warlord,BranchYellow,9,50,ClanQTE,4,IV,Anchoring Shot,Stun Titan for increased damage,15,1200,1200,1200,1200,1200,1200,1200,1200,1200,1200,1200,1200,1200,1200,1200,1200,1200,1200,1200,-,-,-,-,-,-,-,-,-,-,-,-,3,4,5,7,9,12,16,21,27,35,46,60,78,101,131,170,221,287,-,-,-,-,-,-,-,-,-,-,-,-,-,ClanShipStunDamage,0,3.50E+00,1.00E+01,3.36E+01,1.53E+02,9.25E+02,8.34E+03,1.23E+05,3.18E+06,1.54E+08,1.61E+10,4.58E+12,4.28E+15,1.73E+19,4.34E+23,1.13E+29,6.16E+35,1.89E+44,1.18E+55,-,-,-,-,-,-,-,-,-,-,-,-,ClanShipStunDuration,0,0.8,0.9,1.0,1.1,1.2,1.3,1.4,1.5,1.6,1.7,1.8,1.9,2.0,2.1,2.2,2.2,2.2,2.2,-,-,-,-,-,-,-,-,-,-,-,-,None,0,0,0,0,0,0,0,0,0,0,0,0,0,0,0,0,0,0,0,0,0,0,0,0,0,0,0,0,0,0,0,None,0
CloneDmg,Sorcerer,BranchBlue,0,0,None,1,I,Phantom Vengeance,Increased clone dmg + attack rate,30,150,150,150,150,150,150,150,150,150,150,150,150,150,150,150,150,150,150,150,150,150,150,150,150,150,150,150,150,150,150,150,1,2,2,3,3,3,4,5,5,6,7,8,9,11,12,14,16,19,22,25,28,33,38,43,50,57,66,76,87,100,115,ShadowCloneSkillAmount,0,1.50E+00,2.06E+00,2.84E+00,4.34E+00,6.64E+00,1.02E+01,1.72E+01,3.24E+01,6.09E+01,1.26E+02,2.89E+02,7.27E+02,2.01E+03,6.67E+03,2.42E+04,1.05E+05,5.37E+05,3.54E+06,2.97E+07,3.17E+08,4.26E+09,8.39E+10,2.40E+12,9.91E+13,6.81E+15,7.73E+17,1.67E+20,7.36E+22,7.09E+25,1.73E+29,ShadowCloneSkillAttackRate,0,0.1,0.21,0.33,0.46,0.59,0.74,0.89,1.05,1.22,1.41,1.60,1.81,2.03,2.26,2.51,2.77,3.05,3.35,3.66,4.00,4.36,4.74,5.14,5.57,6.02,6.51,7.02,7.56,8.14,8.76,None,0,0,0,0,0,0,0,0,0,0,0,0,0,0,0,0,0,0,0,0,0,0,0,0,0,0,0,0,0,0,0,None,0
MPCapacityBoost,Sorcerer,BranchBlue,1,3,CloneDmg,2,II,Limit Break,Increased mana capacity and regen,25,150,150,150,150,150,150,150,150,150,150,150,150,150,150,150,150,150,150,150,150,150,150,150,150,150,150,-,-,-,-,-,1,2,2,3,3,3,4,5,5,6,7,8,9,11,12,14,16,19,22,25,28,33,38,43,50,-,-,-,-,-,-,ManaPoolCap,0,5,8,12,19,26,35,46,62,80,103,132,168,213,269,337,421,524,652,809,1000,1234,1520,1870,2295,2815,-,-,-,-,-,ManaRegen,0,0.1,0.228,0.373,0.538,0.727,0.941,1.185,1.463,1.779,2.139,2.549,3.015,3.546,4.151,4.839,5.622,6.514,7.529,8.684,10.000,11.497,13.201,15.141,17.350,19.864,-,-,-,-,-,None,0,0,0,0,0,0,0,0,0,0,0,0,0,0,0,0,0,0,0,0,0,0,0,0,0,0,0,0,0,0,0,None,0
CloneSkillBoost,Sorcerer,BranchBlue,2,3,CloneDmg,2,II,Eternal Darkness,Increased clone duration + splash skip,25,350,350,350,350,350,350,350,350,350,350,350,350,350,350,350,350,350,350,350,350,350,350,350,350,350,350,-,-,-,-,-,2,2,3,3,3,4,5,5,6,7,8,9,11,12,14,16,19,22,25,28,33,38,43,50,57,-,-,-,-,-,-,ShadowCloneSkillDuration,0,2,5,9,13,18,24,33,41,53,66,83,102,127,155,190,231,283,347,422,510,620,752,908,1100,1328,-,-,-,-,-,ShadowCloneSplashSkipCount,0,0,1,2,3,4,6,8,10,12,14,16,18,20,23,26,29,33,38,44,51,59,68,78,89,101,-,-,-,-,-,None,0,0,0,0,0,0,0,0,0,0,0,0,0,0,0,0,0,0,0,0,0,0,0,0,0,0,0,0,0,0,0,ShadowCloneBossSplash,0.05
ManaStealSkillBoost,Sorcerer,BranchBlue,3,3,CloneDmg,2,II,Mana Siphon,Chance to gain additional mana per tap,25,350,350,350,350,350,350,350,350,350,350,350,350,350,350,350,350,350,350,350,350,350,350,350,350,350,350,-,-,-,-,-,2,2,3,3,3,4,5,5,6,7,8,9,11,12,14,16,19,22,25,28,33,38,43,50,57,-,-,-,-,-,-,ManaTapRegen,0,0.0005,0.0007,0.0010,0.0013,0.0016,0.0020,0.0025,0.0031,0.0038,0.0047,0.0056,0.0068,0.0081,0.0097,0.0115,0.0137,0.0162,0.0192,0.0226,0.0265,0.0312,0.0366,0.0428,0.0501,0.0584,-,-,-,-,-,None,0,0,0,0,0,0,0,0,0,0,0,0,0,0,0,0,0,0,0,-,-,-,-,-,-,-,-,-,-,-,-,None,0,0,0,0,0,0,0,0,0,0,0,0,0,0,0,0,0,0,0,0,0,0,0,0,0,0,0,0,0,0,0,ManaStealChance,0.005
ManaMonster,Sorcerer,BranchBlue,4,20,MPCapacityBoost,3,III,Manni Mana,Chance for mana monster to spawn (gives mana),15,700,700,700,700,700,700,700,700,700,700,700,700,700,700,700,700,-,-,-,-,-,-,-,-,-,-,-,-,-,-,-,3,4,5,7,9,12,16,21,27,35,46,60,78,101,131,-,-,-,-,-,-,-,-,-,-,-,-,-,-,-,-,ManaMonsterAmount,0,2.0,4.0,6.5,10.0,14.5,20.5,28.5,39.0,52.5,70.0,93.0,123.0,162.0,212.5,278.0,-,-,-,-,-,-,-,-,-,-,-,-,-,-,-,ManaMonsterSpawnChance,0,0,0,0,0,0,0,0,0,0,0,0,0,0,0,0,-,-,-,-,-,-,-,-,-,-,-,-,-,-,-,None,0,0,0,0,0,0,0,0,0,0,0,0,0,0,0,0,0,0,0,0,0,0,0,0,0,0,0,0,0,0,0,None,0
BossTimer,Sorcerer,BranchBlue,5,20,CloneSkillBoost,3,III,Dimensional Shift,Increase active skill effects and duration,15,700,700,700,700,700,700,700,700,700,700,700,700,700,700,700,700,-,-,-,-,-,-,-,-,-,-,-,-,-,-,-,3,4,5,7,9,12,16,21,27,35,46,60,78,101,131,-,-,-,-,-,-,-,-,-,-,-,-,-,-,-,-,ShadowCloneAllSkillBoost,0,1.31E+00,1.70E+00,2.31E+00,3.40E+00,5.40E+00,9.54E+00,1.92E+01,4.49E+01,1.25E+02,4.26E+02,1.92E+03,1.20E+04,1.13E+05,1.77E+06,5.39E+07,-,-,-,-,-,-,-,-,-,-,-,-,-,-,-,ShadowCloneAllSkillDurationRate,0,0.960,0.920,0.880,0.840,0.800,0.760,0.720,0.680,0.640,0.600,0.550,0.500,0.450,0.400,0.350,-,-,-,-,-,-,-,-,-,-,-,-,-,-,-,None,0,0,0,0,0,0,0,0,0,0,0,0,0,0,0,0,0,0,0,0,0,0,0,0,0,0,0,0,0,0,0,None,0
CritSkillBoost,Sorcerer,BranchBlue,6,20,ManaStealSkillBoost,3,III,Lightning Strike,Chance to deal damage equal to percent of monster hp,15,700,700,700,700,700,700,700,700,700,700,700,700,700,700,700,700,-,-,-,-,-,-,-,-,-,-,-,-,-,-,-,3,4,5,7,9,12,16,21,27,35,46,60,78,101,131,-,,-,-,-,-,-,-,-,-,-,-,-,-,-,-,LightningStrikeDamage,0,0.1000,0.1532,0.2072,0.2671,0.3288,0.3942,0.4627,0.5323,0.6003,0.6659,0.7288,0.7867,0.8379,0.8809,0.9307,-,,-,-,-,-,-,-,-,-,-,-,-,-,-,LightningStrikeEfficiency,0,0.938,0.941,0.944,0.947,0.950,0.953,0.956,0.959,0.962,0.965,0.968,0.971,0.974,0.977,0.980,-,-,-,-,-,-,-,-,-,-,-,-,-,-,-,None,0,0,0,0,0,0,0,0,0,0,0,0,0,0,0,0,0,0,0,0,0,0,0,0,0,0,0,0,0,0,0,LightningStrikeChance,0.02
ForbiddenContract,Sorcerer,BranchBlue,7,50,ManaMonster,4,IV,Forbidden Contract,Activate QTE to drain mana for more damage.,15,1400,1400,1400,1400,1400,1400,1400,1400,1400,1400,1400,1400,1400,1400,1400,1400,1400,1400,1400,-,-,-,-,-,-,-,-,-,-,-,-,3,4,5,7,9,12,16,21,27,35,46,60,78,101,131,170,221,287,-,-,-,-,-,-,-,-,-,-,-,-,-,ForbiddenContractMaxDamage,0,3.16E+02,9.63E+02,3.64E+03,1.78E+04,1.18E+05,1.13E+06,1.68E+07,4.21E+08,1.96E+10,1.92E+12,4.58E+14,3.15E+17,7.65E+20,8.41E+24,5.59E+29,5.28E+33,8.65E+41,2.76E+52,-,-,-,-,-,-,-,-,-,-,-,-,ForbiddenContractTimeUntilMaxDamage,0,60.0,57.8,55.7,53.5,51.4,49.3,47.1,45.0,42.8,40.7,38.6,36.4,34.3,32.1,30.0,30.0,30.0,30.0,-,-,-,-,-,-,-,-,-,-,-,-,None,0,0,0,0,0,0,0,0,0,0,0,0,0,0,0,0,0,0,0,0,0,0,0,0,0,0,0,0,0,0,0,ForbiddenContractManaCostBase,1.5
ShadowCloneMultiCastSkill,Sorcerer,BranchBlue,8,50,BossTimer,4,IV,Phantom Control,Stackable Shadow Clone,15,1400,1400,1400,1400,1400,1400,1400,1400,1400,1400,1400,1400,1400,1400,1400,1400,1400,1400,1400,-,-,-,-,-,-,-,-,-,-,-,-,3,4,5,7,9,12,16,21,27,35,46,60,78,101,131,170,221,287,-,-,-,-,-,-,-,-,-,-,-,-,-,ShadowCloneSkillStacksBonus,0,1.27E+00,1.62E+00,2.14E+00,3.04E+00,4.63E+00,7.76E+00,1.46E+01,3.17E+01,8.01E+01,2.45E+02,9.60E+02,5.08E+03,3.89E+04,4.75E+05,1.06E+07,5.18E+08,7.24E+10,4.06E+13,-,-,-,-,-,-,-,-,-,-,-,-,ShadowCloneSkillStacks,0,1.0,1.0,1.0,1.0,1.0,2.0,2.0,2.0,2.0,2.0,3.0,3.0,3.0,3.0,3.0,3.0,3.0,3.0,-,-,-,-,-,-,-,-,-,-,-,-,None,0,0,0,0,0,0,0,0,0,0,0,0,0,0,0,0,0,0,0,0,0,0,0,0,0,0,0,0,0,0,0,None,0.0
OfflineGold,Rogue,BranchGreen,0,0,None,1,I,Master Thief,All Gold / Inactive gold bonus,25,200,200,200,200,200,200,200,200,200,200,200,200,200,200,200,200,200,200,200,200,200,200,200,200,200,200,-,-,-,-,-,1,2,2,3,3,3,4,5,5,6,7,8,9,11,12,14,16,19,22,25,28,33,38,43,50,-,-,-,-,-,-,GoldAll,0,1.60E+00,2.55E+00,4.06E+00,7.13E+00,1.25E+01,2.20E+01,4.25E+01,9.02E+01,1.91E+02,4.45E+02,1.13E+03,3.14E+03,9.49E+03,3.40E+04,1.32E+05,6.05E+05,3.24E+06,2.19E+07,1.85E+08,1.94E+09,2.54E+10,4.70E+11,1.23E+13,4.50E+14,2.63E+16,-,-,-,-,-,InactiveGold,0,1.20E+00,1.38E+00,1.58E+00,1.94E+00,2.38E+00,2.92E+00,3.81E+00,5.29E+00,7.35E+00,1.08E+01,1.69E+01,2.78E+01,4.84E+01,9.33E+01,1.89E+02,4.21E+02,1.03E+03,2.84E+03,8.83E+03,3.08E+04,1.19E+05,5.41E+05,2.86E+06,1.73E+07,1.25E+08,-,-,-,-,-,None,0,0,0,0,0,0,0,0,0,0,0,0,0,0,0,0,0,0,0,0,0,0,0,0,0,0,0,0,0,0,0,None,0
CritSkillBoostDmg,Rogue,BranchGreen,1,3,OfflineGold,2,II,Assassinate,Deadly Strike damage boost,25,400,400,400,400,400,400,400,400,400,400,400,400,400,400,400,400,400,400,400,400,400,400,400,400,400,400,-,-,-,-,-,1,2,2,3,3,3,4,5,5,6,7,8,9,11,12,14,16,19,22,25,28,33,38,43,50,-,-,-,-,-,-,CritBoostSkillAmount,0,1.60E+00,2.52E+00,3.97E+00,7.11E+00,1.28E+01,2.29E+01,4.66E+01,1.07E+02,2.48E+02,6.44E+02,1.89E+03,6.21E+03,2.29E+04,1.06E+05,5.46E+05,3.48E+06,2.74E+07,2.93E+08,4.23E+09,8.15E+10,2.10E+12,8.60E+13,5.60E+15,5.73E+17,1.10E+20,-,-,-,-,-,CritBoostSkillDuration,0,2,5,9,13,18,24,33,41,53,66,83,102,127,155,190,231,283,347,422,510,620,752,908,1100,1328,-,-,-,-,-,None,0,0,0,0,0,0,0,0,0,0,0,0,0,0,0,0,0,0,0,0,0,0,0,0,0,0,0,0,0,0,0,None,0
UltraDagger,Rogue,BranchGreen,2,3,OfflineGold,2,II,Summon Dagger,Dagger QTE to deal damage,30,400,400,400,400,400,400,400,400,400,400,400,400,400,400,400,400,400,400,400,400,400,400,400,400,400,400,400,400,400,400,400,1,2,2,3,3,3,4,5,5,6,7,8,9,11,12,14,16,19,22,25,28,33,38,43,50,57,66,76,87,100,115,UltraDaggerDamage,0,1.60E+00,2.41E+00,3.63E+00,6.09E+00,1.02E+01,1.72E+01,3.21E+01,6.66E+01,1.38E+02,3.17E+02,8.05E+02,2.26E+03,6.95E+03,2.59E+04,1.06E+05,5.16E+05,3.00E+06,2.25E+07,2.17E+08,2.66E+09,4.12E+10,9.36E+11,3.09E+13,1.46E+15,1.14E+17,1.46E+19,3.46E+21,1.62E+24,1.60E+27,3.78E+30,UltraDaggerSplashCount,0,1,2,3,4,5,6,7,8,9,10,11,12,13,14,15,16,17,18,19,20,21,22,23,24,25,26,27,28,29,30,None,0,0,0,0,0,0,0,0,0,0,0,0,0,0,0,0,0,0,0,0,0,0,0,0,0,0,0,0,0,0,0,UltraDaggerDamageCrit,10
MultiMonsters,Rogue,BranchGreen,3,3,OfflineGold,2,II,Ambush,Increased multi spawn chance,25,400,400,400,400,400,400,400,400,400,400,400,400,400,400,400,400,400,400,400,400,400,400,400,400,400,400,-,-,-,-,-,1,2,2,3,3,3,4,5,5,6,7,8,9,11,12,14,16,19,22,25,28,33,38,43,50,-,-,-,-,-,-,MultiMonstersGold,0,2.00E+00,3.01E+00,5.23E+00,9.08E+00,1.81E+01,3.60E+01,7.18E+01,1.63E+02,4.24E+02,1.10E+03,3.23E+03,1.07E+04,4.02E+04,1.69E+05,8.94E+05,5.27E+06,3.85E+07,3.47E+08,4.21E+09,6.82E+10,1.46E+12,4.10E+13,1.78E+15,1.18E+17,1.17E+19,-,-,-,-,-,MultiMonstersMaxCount,0,1,2,4,6,8,10,12,14,16,20,20,20,20,20,20,20,20,20,20,20,20,20,20,20,20,-,-,-,-,-,None,0,0,0,0,0,0,0,0,0,0,0,0,0,0,0,0,0,0,0,0,0,0,0,0,0,0,0,0,0,0,0,None,0
StrokeOfLuck,Rogue,BranchGreen,4,20,CritSkillBoostDmg,3,III,Stroke Of Luck,Companions benefit from DS and enable x1000 Gold Drops.,25,800,800,800,800,800,800,800,800,800,800,800,800,800,800,800,800,800,800,800,800,800,800,800,800,800,800,-,-,-,-,-,2,2,3,3,3,4,5,5,6,7,8,9,11,12,14,16,19,22,25,28,33,38,43,50,57,-,-,-,-,-,-,DeadlyDamageCompanion,0,1.00E+00,1.27E+00,1.69E+00,2.26E+00,3.02E+00,4.25E+00,6.30E+00,9.33E+00,1.45E+01,2.37E+01,4.05E+01,7.26E+01,1.42E+02,2.91E+02,6.46E+02,1.55E+03,4.19E+03,1.26E+04,4.20E+04,1.54E+05,6.60E+05,3.26E+06,1.83E+07,1.23E+08,9.60E+08,-,-,-,-,-,AllGoldx1000Chance,0,0.03,0.035,0.04,0.045,0.05,0.055,0.06,0.065,0.07,0.075,0.08,0.085,0.09,0.095,0.1,0.105,0.11,0.115,0.12,0.125,0.13,0.135,0.14,0.145,0.15,-,-,-,-,-,None,0,0,0,0,0,0,0,0,0,0,0,0,0,0,0,0,0,0,0,0,0,0,0,0,0,0,0,0,0,0,0,None,0
PoisonedBlade,Rogue,BranchGreen,5,20,UltraDagger,3,III,Poison Edge,Daggers cause Titans to take more damage.,25,800,800,800,800,800,800,800,800,800,800,800,800,800,800,800,800,800,800,800,800,800,800,800,800,800,800,-,-,-,-,-,2,2,3,3,3,4,5,5,6,7,8,9,11,12,14,16,19,22,25,28,33,38,43,50,57,-,-,-,-,-,-,UltraDaggerPoisonBoost,0,1.50E+00,2.47E+00,4.57E+00,8.44E+00,1.56E+01,3.22E+01,7.40E+01,1.70E+02,4.35E+02,1.23E+03,3.85E+03,1.33E+04,5.57E+04,2.56E+05,1.41E+06,9.27E+06,7.88E+07,8.59E+08,1.19E+10,2.08E+11,5.32E+12,1.96E+14,1.03E+16,8.84E+17,1.22E+20,-,-,-,-,-,UltraDaggerCount,0,1,1,1,2,2,2,3,3,3,3,4,4,4,4,5,5,5,5,5,6,6,6,6,6,7,-,-,-,-,-,None,0,0,0,0,0,0,0,0,0,0,0,0,0,0,0,0,0,0,0,0,0,0,0,0,0,0,0,0,0,0,0,UltraDaggerPoisonMaxCount,10
Cloaking,Rogue,BranchGreen,6,20,MultiMonsters,3,III,Cloaking,Killing bosses has a chance to skip stages.,15,800,800,800,800,800,800,800,800,800,800,800,800,800,800,800,800,-,-,-,-,-,-,-,-,-,-,-,-,-,-,-,2,2,3,3,3,4,5,5,6,7,8,9,11,12,14,170,221,287,-,-,-,-,-,-,-,-,-,-,-,-,-,CloakedSkipChance,0,0.100,0.129,0.157,0.186,0.214,0.243,0.271,0.300,0.329,0.357,0.386,0.414,0.443,0.471,0.500,-,-,-,-,-,-,-,-,-,-,-,-,-,-,-,CloakedStageDuration,0,0.150,0.168,0.186,0.204,0.221,0.239,0.257,0.275,0.293,0.311,0.329,0.346,0.364,0.382,0.400,-,-,-,-,-,-,-,-,-,-,-,-,-,-,-,None,0,0,0,0,0,0,0,0,0,0,0,0,0,0,0,0,0,0,0,0,0,0,0,0,0,0,0,0,0,0,0,CloakedSkipAmount,5
SoulBlade,Rogue,BranchGreen,8,50,PoisonedBlade,4,IV,Dagger Storm,Daggers splash and splash skip.,15,1600,1600,1600,1600,1600,1600,1600,1600,1600,1600,1600,1600,1600,1600,1600,1600,1600,1600,1600,-,-,-,-,-,-,-,-,-,-,-,-,3,4,5,7,9,12,16,21,27,35,46,60,78,101,131,170,221,287,-,-,-,-,-,-,-,-,-,-,-,-,-,CritBoostSkillStacksBonus,0,1.27E+00,1.62E+00,2.14E+00,3.04E+00,4.63E+00,7.76E+00,1.46E+01,3.17E+01,8.01E+01,2.45E+02,9.60E+02,5.08E+03,3.89E+04,4.75E+05,1.06E+07,5.18E+08,7.24E+10,4.06E+13,-,-,-,-,-,-,-,-,-,-,-,-,CritBoostSkillStacks,0,1,1,1,1,1,2,2,2,2,2,3,3,3,3,3,3,3,3,-,-,-,-,-,-,-,-,-,-,-,-,UltraDaggerCooldown,0,1,2,3,4,5,6,7,8,9,10,11,12,13,14,15,15.00,15.00,15.00,-,-,-,-,-,-,-,-,-,-,-,-,None,0
GuidedBlade,Rogue,BranchGreen,9,50,Cloaking,4,IV,Deadly Focus,Chance to gain stackable DS buff after each DS.,15,1600,1600,1600,1600,1600,1600,1600,1600,1600,1600,1600,1600,1600,1600,1600,1600,1600,1600,1600,-,-,-,-,-,-,-,,,,,,3,4,5,7,9,12,16,21,27,35,46,60,78,101,131,170,221,287,-,-,-,-,-,-,-,-,,,,,,GuidedBladeDeadlyStrikeBoost,0,1.25E+00,2.18E+00,4.13E+00,6.16E+00,1.61E+01,5.32E+01,1.76E+02,1.09E+03,1.02E+04,1.28E+05,4.08E+06,2.64E+08,6.50E+10,6.16E+13,5.07E+17,6.21E+22,3.00E+29,2.07E+38,-,-,-,-,-,-,-,-,-,-,-,-,GuidedBladeBoostMaxCount,0,2,2,2,3,3,3,4,4,4,5,5,6,6,7,7,7,7,7,-,-,-,-,-,-,-,-,-,-,-,-,None,0,0,0,0,0,0,0,0,0,0,0,0,0,0,0,0,0,0,0,0,0,0,0,0,0,0,0,0,0,0,0,GuidedBladeApplyChance,0.01